{
    "temp": {
        "feverThreshold": 35.9,
        "normalColor": "#31b800",
        "feverColor": "#dc3545"
    },
    "sys": {
        "low": 90,
        "high": 100,
        "lowColor": "#ffc107",
        "normalColor": "#31b800",
        "highColor": "#dc3545"
    },
    "dia": {
        "low": 60,
        "high": 90,
        "lowColor": "#ffc107",
        "normalColor": "#31b800",
        "highColor": "#dc3545"
    },
    "bmi": {
        "lowColor": "#ffc107",
        "normalColor": "#31b800",
        "highColor": "#ffd505",
        "dangerColor": "#dc3545"
    }
}